id,gitname,model_architecture,preds_dataset,run_message,abs_rel,rmse,ppd,abs_rel_std_err,rmse_std_err,ppd_std_err
0,anthonyceponis,unidepth,hypersim_processed/test,dsaf,0.2648989695997994,2.88898605713861,483.2563929721934,,,
1,anthonyceponis,pixelperfectdepth,hypersim_processed/test,sfad,0.2540301388469923,2.723014458499124,475.0534697010928,,,
0,Andrew Healey,sharpdepth_ppd_controlnet_zoedepth,nyu_v2_processed,test2_edge_loss_nyuv2,0.0790748468787616,0.3926131712953536,,0.0113286861232697,0.0535677990118622,
1,Andrew Healey,zoedepth,nyu_v2_processed,test2_zoedepth_nyuv2,0.0785080099777097,0.3841569170643875,,0.0082574369274127,0.0450479222350791,
2,Andrew Healey,patchrefiner,nyu_v2_processed,test3_patchrefiner_nyuv2,0.0873355596348533,0.5672759482177986,,0.0087892657275843,0.0790421150653288,
3,Andrew Healey,sharpdepth_ppd_controlnet_zoedepth,nyu_v2_processed,test4_edge_loss_nyuv2,0.084935404447134,0.3881807099120856,,0.0116078721400444,0.0485096538265164,
4,Andrew Healey,sharpdepth_ppd_controlnet_unidepth,nyu_v2_processed,test4_edge_loss_unidepth_nyuv2,0.0420455027457838,0.2312143317009785,,0.0066765871860459,0.0377716087593031,
5,Andrew Healey,sharpdepth_ppd_controlnet_zoedepth,nyu_v2_processed,test4_no_edge_loss_nyuv2,0.084935404447134,0.3881807099120856,,0.0116078721400444,0.0485096538265164,
6,Andrew Healey,sharpdepth_ppd_controlnet_zoedepth,nyu_v2_processed,test4_sharpdepth_loss_nyuv2,0.084935404447134,0.3881807099120856,,0.0116078721400444,0.0485096538265164,
7,Andrew Healey,zoedepth,nyu_v2_processed,test4_zoedepth_nyuv2,0.0785080099777097,0.3841569170643875,,0.0082574369274127,0.0450479222350791,
8,Andrew Healey,unidepth,nyu_v2_processed,test4_unidepth_nyuv2,0.0252949585915225,0.1518555666817193,,0.0014038339107087,0.0122376568587904,
9,Andrew Healey,patchrefiner,nyu_v2_processed,test4_patchrefiner_nyuv2,0.0873355596348533,0.5672759482177986,,0.0087892657275843,0.0790421150653288,
10,Andrew Healey,pixelperfectdepth,nyu_v2_processed,test4_ppd_nyuv2,0.0392170106317081,0.2244189128828856,,0.0035845036798189,0.027704255227172,
11,Andrew Healey,pixelperfectdepth,nyu_v2_processed,test4_ppd_nyuv2,0.0392170106317081,0.2244189128828856,,0.0035845036798189,0.027704255227172,
12,Andrew Healey,sharpdepth_ppd_controlnet_zoedepth,nyu_v2_processed,test4_edge_loss_nyuv2,0.0854046241350309,0.4060816722186811,,0.011972483566541,0.0462089524609756,
13,Andrew Healey,sharpdepth_ppd_controlnet_unidepth,nyu_v2_processed,test4_edge_loss_unidepth_nyuv2,0.0428175919847002,0.2227424396398369,,0.0073464064252606,0.0317969791967798,
14,Andrew Healey,sharpdepth_ppd_controlnet_zoedepth,nyu_v2_processed,test4_no_edge_loss_nyuv2,0.0854046241350309,0.4060816722186811,,0.011972483566541,0.0462089524609756,
15,Andrew Healey,sharpdepth_ppd_controlnet_zoedepth,nyu_v2_processed,test4_sharpdepth_loss_nyuv2,0.0854046241350309,0.4060816722186811,,0.011972483566541,0.0462089524609756,
16,Andrew Healey,zoedepth,nyu_v2_processed,test4_zoedepth_nyuv2,0.0785080099777097,0.3841569170643875,,0.0082574369274127,0.0450479222350791,
17,Andrew Healey,unidepth,nyu_v2_processed,test4_unidepth_nyuv2,0.0252949585915225,0.1518555666817193,,0.0014038339107087,0.0122376568587904,
18,Andrew Healey,patchrefiner,nyu_v2_processed,test4_patchrefiner_nyuv2,0.0873355596348533,0.5672759482177986,,0.0087892657275843,0.0790421150653288,
19,Andrew Healey,pixelperfectdepth,nyu_v2_processed,test4_ppd_nyuv2,0.0391526636792308,0.2377317897040479,,0.0035641501821536,0.0331270791261195,
20,Andrew Healey,sharpdepth_ppd_controlnet_zoedepth,hypersim_processed/test,test4_edge_loss_hypersim,0.3342039267239506,5.155231314028037,1586.6984906822051,0.0554573082469558,1.86808218491924,634.8876076790314
21,Andrew Healey,sharpdepth_ppd_controlnet_unidepth,hypersim_processed/test,test4_edge_loss_unidepth_hypersim,0.2232241726138862,2.7547782004926296,484.3760628878616,0.0425106004546578,1.02500142323364,159.1297665713153
22,Andrew Healey,sharpdepth_ppd_controlnet_zoedepth,hypersim_processed/test,test4_no_edge_loss_hypersim,0.3342039267239506,5.155231314028037,1586.6984906822051,0.0554573082469558,1.86808218491924,634.8876076790314
23,Andrew Healey,sharpdepth_ppd_controlnet_zoedepth,hypersim_processed/test,test4_sharpdepth_loss_hypersim,0.3342039267239506,5.155231314028037,1586.6984906822051,0.0554573082469558,1.86808218491924,634.8876076790314
24,Andrew Healey,zoedepth,hypersim_processed/test,test4_zoedepth_hypersim,0.3552151223000748,5.2244936198571565,1648.2608290732774,0.0552025633718469,1.8747715057768968,661.0986239232279
25,Andrew Healey,unidepth,hypersim_processed/test,test4_unidepth_hypersim,0.2297291823631039,2.760344739772699,447.1425314495581,0.0349014724751319,0.9989733828563866,138.80129467190594
26,Andrew Healey,patchrefiner,hypersim_processed/test,test4_patchrefiner_hypersim,0.3706287469158761,4.781879994254135,780.4388666100647,0.0471692051874759,1.4703767920325312,323.41672555178553
27,Andrew Healey,pixelperfectdepth,hypersim_processed/test,test4_ppd_hypersim,0.2163384800713319,2.76470090487342,524.2499550438009,0.0332673256551951,1.031879379486279,153.4340459720035
28,Andrew Healey,sharpdepth_ppd_controlnet_zoedepth,hypersim_processed/test,test4_edge_loss_hypersim,0.3473378450773268,5.182917901092749,1528.783392669321,0.056505035057098,1.873737791603841,641.9444362386623
29,Andrew Healey,sharpdepth_ppd_controlnet_zoedepth,hypersim_processed/test,test4_edge_loss_hypersim,0.3035826089201335,3.451570608045791,800.491389841381,0.0289507324663047,0.8269520867596007,248.6174144926803
30,Andrew Healey,sharpdepth_ppd_controlnet_unidepth,hypersim_processed/test,test4_edge_loss_unidepth_hypersim,0.2631210661603139,2.141839875761644,308.05481730753394,0.042393980935595,0.4424728922174811,68.20748774463291
31,Andrew Healey,zoedepth,hypersim_processed/test,test4_zoedepth_hypersim,0.3128120361576523,3.483489128892648,856.475239257823,0.0286500192779402,0.8232973167536869,258.7036635537393
32,Andrew Healey,unidepth,hypersim_processed/test,test4_unidepth_hypersim,0.2688061549557984,2.1700992810636373,302.7565899142927,0.0414043546750848,0.4158828860458691,60.22124319957102
33,Andrew Healey,patchrefiner,hypersim_processed/test,test4_patchrefiner_hypersim,0.3114286965484745,3.412060256144623,469.3241560838009,0.0271970003286132,0.6822647751676767,128.01928646108163
34,Andrew Healey,pixelperfectdepth,hypersim_processed/test,test4_ppd_hypersim,0.2593204051011639,2.1408015369021283,336.0564520213801,0.0420788383208896,0.4408355523715649,67.7098174528817
35,Andrew Healey,sharpdepth_ppd_controlnet_zoedepth,hypersim_processed/test,test4_edge_loss_hypersim,0.3035826089201335,3.451570608045791,800.491389841381,0.0289507324663047,0.8269520867596007,248.6174144926803
36,Andrew Healey,sharpdepth_ppd_controlnet_unidepth,hypersim_processed/test,test4_edge_loss_unidepth_hypersim,0.2631210661603139,2.141839875761644,308.05481730753394,0.042393980935595,0.4424728922174811,68.20748774463291
37,Andrew Healey,zoedepth,hypersim_processed/test,test4_zoedepth_hypersim,0.3128120361576523,3.483489128892648,856.475239257823,0.0286500192779402,0.8232973167536869,258.7036635537393
38,Andrew Healey,unidepth,hypersim_processed/test,test4_unidepth_hypersim,0.2688061549557984,2.1700992810636373,302.7565899142927,0.0414043546750848,0.4158828860458691,60.22124319957102
39,Andrew Healey,patchrefiner,hypersim_processed/test,test4_patchrefiner_hypersim,0.3114286965484745,3.412060256144623,469.3241560838009,0.0271970003286132,0.6822647751676767,128.01928646108163
40,Andrew Healey,pixelperfectdepth,hypersim_processed/test,test4_ppd_hypersim,0.2593204051011639,2.1408015369021283,336.0564520213801,0.0420788383208896,0.4408355523715649,67.7098174528817
41,Andrew Healey,sharpdepth_ppd_controlnet_zoedepth,hypersim_processed/test,final_run_edge_loss_hypersim,0.312586369389065,3.916606434585748,906.6809033088908,0.0145073500965347,0.3955537879443385,100.26583720317682
42,Andrew Healey,sharpdepth_ppd_controlnet_unidepth,hypersim_processed/test,final_run_edge_loss_unidepth_hypersim,0.2584940244979449,2.727023975181864,439.9684310121796,0.0161700814173707,0.2999144820857133,51.86184331060012
43,Andrew Healey,zoedepth,hypersim_processed/test,final_run_zoedepth_hypersim,0.3171620035229676,3.948905247060548,948.5248915897324,0.0143097216324042,0.3975013819009181,103.84071266136836
44,Andrew Healey,unidepth,hypersim_processed/test,final_run_unidepth_hypersim,0.2695498440431902,2.876696111889827,483.2563929721933,0.0165878646970728,0.3155828232569343,53.69997773574818
45,Andrew Healey,patchrefiner,hypersim_processed/test,final_run_patchrefiner_hypersim,0.3104107370285146,3.73587634520904,491.2258749964728,0.0126161805139028,0.3243611339007832,57.93045813417554
46,Andrew Healey,pixelperfectdepth,hypersim_processed/test,final_run_ppd_hypersim,0.2578322004543984,2.704913626277646,469.0088104359308,0.0163557579096938,0.3050936270210502,52.55475537845348
47,Andrew Healey,sharpdepth_ppd_controlnet_zoedepth,nyu_v2_processed,final_run_edge_loss_nyuv2,0.076093463461717,0.3793234785770367,,0.0036787596859441,0.0209650428116036,
48,Andrew Healey,sharpdepth_ppd_controlnet_unidepth,nyu_v2_processed,final_run_edge_loss_unidepth_nyuv2,0.0532788260693806,0.2931127703233713,,0.0029922268000815,0.0184255038673332,
49,Andrew Healey,zoedepth,nyu_v2_processed,final_run_zoedepth_nyuv2,0.0769194262204923,0.361082507695884,,0.0027860022234392,0.018013994638087,
50,Andrew Healey,unidepth,nyu_v2_processed,final_run_unidepth_nyuv2,0.0344407589942979,0.2026569140127588,,0.0016592413901546,0.01123329527573,
51,Andrew Healey,patchrefiner,nyu_v2_processed,final_run_patchrefiner_nyuv2,0.0901532428441919,0.5672694960909329,,0.0041771641757216,0.0384201839382404,
52,Andrew Healey,pixelperfectdepth,nyu_v2_processed,final_run_ppd_nyuv2,0.0461673411585506,0.2729052138249581,,0.0024739329743408,0.017295155466079,
53,Andrew Healey,sharpdepth_ppd_controlnet_zoedepth,middlebury_processed,final_run_edge_loss_middlebury,0.4633401159925119,3.4407508386908936,,0.045220741754365,0.5571277348671989,
54,Andrew Healey,sharpdepth_ppd_controlnet_unidepth,middlebury_processed,final_run_edge_loss_unidepth_middlebury,0.3635020535209936,2.9493539860248763,,0.0499081905588821,0.5209324076773616,
55,Andrew Healey,zoedepth,middlebury_processed,final_run_zoedepth_middlebury,0.4766659470439855,3.443070275440637,,0.0437908761653742,0.5388001650209526,
56,Andrew Healey,unidepth,middlebury_processed,final_run_unidepth_middlebury,0.364894984254188,2.972869861627107,,0.050732604393587,0.5274673009942081,
57,Andrew Healey,patchrefiner,middlebury_processed,final_run_patchrefiner_middlebury,0.5126075882356856,3.72881687822964,,0.0475069241286268,0.5697930491290549,
58,Andrew Healey,pixelperfectdepth,middlebury_processed,final_run_ppd_middlebury,0.3635493415528065,2.9224110837008,,0.0483040561463962,0.5133844905739108,
59,Andrew Healey,unidepth,nyu_v2_processed,no_crop_unidepth_nyuv2,0.0252949585915225,0.1518555666817193,,0.0014038339107087,0.0122376568587904,
60,Andrew Healey,pixelperfectdepth,nyu_v2_processed,no_crop_ppd_nyuv2,0.0392821476217814,0.2245471069425949,,0.0033600673314536,0.0264723099219039,
61,Andrew Healey,unidepth,nyu_v2_processed,no_crop_unidepth_nyuv2,0.0252949585915225,0.1518555666817193,,0.0014038339107087,0.0122376568587904,
62,Andrew Healey,pixelperfectdepth,nyu_v2_processed,no_crop_ppd_nyuv2,0.0392821476217814,0.2245471069425949,,0.0033600673314536,0.0264723099219039,
63,Andrew Healey,unidepth,nyu_v2_processed,yes_crop_unidepth_nyuv2,0.0252949585915225,0.1518555666817193,,0.0014038339107087,0.0122376568587904,
64,Andrew Healey,pixelperfectdepth,nyu_v2_processed,yes_crop_ppd_nyuv2,0.0392821476217814,0.2245471069425949,,0.0033600673314536,0.0264723099219039,
65,Andrew Healey,unidepth,nyu_v2_processed,make_point_cloud_unidepth_nyuv2,0.0235226853763582,0.1445668454658144,,5.455188552005302e-06,0.0278173738762027,
66,Andrew Healey,pixelperfectdepth,nyu_v2_processed,make_point_cloud_ppd_nyuv2,0.0306739448045018,0.1949872470142188,,0.0064876905292631,0.0530547352965378,
67,Andrew Healey,unidepth,hypersim_processed/test,make_point_cloud_unidepth_hypersim,0.320231732570898,5.976460554616567,896.143148966189,0.1283553608693395,5.369750912331137,681.768640098168
68,Andrew Healey,pixelperfectdepth,hypersim_processed/test,make_point_cloud_ppd_hypersim,0.3084075639304462,6.128054600799628,904.5852696095404,0.124725499715104,5.572868369770738,737.0445397308421
69,Andrew Healey,sharpdepth_ppd_controlnet_unidepth,hypersim_processed/test,make_point_cloud_edge_loss_unidepth_hypersim,0.3524855446520543,6.2170981042085245,833.7567401965124,0.1646391025884047,5.636970831206858,694.0673408639336
70,Andrew Healey,unidepth,hypersim_processed/test,make_point_cloud_unidepth_hypersim,0.320231732570898,5.976460554616567,896.143148966189,0.1283553608693395,5.369750912331137,681.768640098168
71,Andrew Healey,pixelperfectdepth,hypersim_processed/test,make_point_cloud_ppd_hypersim,0.3087992944822682,6.112656203921062,893.9623635306507,0.1254174787308745,5.548869420697374,707.4042317148976
72,Andrew Healey,sharpdepth_ppd_controlnet_unidepth,hypersim_processed/test,make_point_cloud_edge_loss_unidepth_hypersim,0.3382500343827445,5.902783874705031,766.5819035288308,0.1634393069454072,5.339773590172998,623.2617935049609
73,Andrew Healey,unidepth,hypersim_processed/test,make_point_cloud_unidepth_hypersim,0.320231732570898,5.976460554616567,896.143148966189,0.1283553608693395,5.369750912331137,681.768640098168
74,Andrew Healey,pixelperfectdepth,hypersim_processed/test,make_point_cloud_ppd_hypersim,0.3104647261309879,6.16042538453121,908.0633760276752,0.1269741517710941,5.5928539826796015,717.7371425701568
75,Andrew Healey,sharpdepth_ppd_controlnet_unidepth,hypersim_processed/test,make_point_cloud_edge_loss_unidepth_hypersim,0.3225469003181633,5.933171234442054,823.462438440811,0.1535207043152031,5.404310249612128,707.6308364892473
76,Andrew Healey,unidepth,hypersim_processed/test,make_point_cloud_unidepth_hypersim,0.320231732570898,5.976460554616567,896.143148966189,0.1283553608693395,5.369750912331137,681.768640098168
77,Andrew Healey,pixelperfectdepth,hypersim_processed/test,make_point_cloud_ppd_hypersim,0.3124367847698505,6.1979036928266895,881.1652589340395,0.1289005731202737,5.636623882679623,697.8669969351856
78,Andrew Healey,sharpdepth_ppd_controlnet_zoedepth,hypersim_processed/test,make_point_cloud_edge_loss_hypersim,0.3099572658645425,5.671850067773557,1801.64510924066,0.1005468354833289,3.8125364492668905,1244.9061726519951
79,Andrew Healey,zoedepth,hypersim_processed/test,make_point_cloud_zoedepth_hypersim,0.3258032458816914,5.806839622237833,1902.781803727151,0.1016887152298568,3.8743142549166247,1309.0267276838936
80,Andrew Healey,patchrefiner,hypersim_processed/test,make_point_cloud_patchrefiner_hypersim,0.3437326142399878,5.035016545666687,858.7861149015068,0.0779369520371934,3.0222200795428904,650.1513347844318
81,Andrew Healey,pixelperfectdepth,hypersim_processed/test,make_point_cloud_ppd_hypersim,0.2770293618890509,3.433922603838792,609.8708798604772,0.047973119465078,2.083192470685044,280.49418306562166
82,Andrew Healey,sharpdepth_ppd_controlnet_zoedepth,hypersim_processed/test,make_point_cloud_edge_loss_hypersim,0.3099572658645425,5.671850067773557,50.22628718183772,0.1005468354833289,3.8125364492668905,17.509979042186462
83,Andrew Healey,zoedepth,hypersim_processed/test,make_point_cloud_zoedepth_hypersim,0.3258032458816914,5.806839622237833,54.35051800757556,0.1016887152298568,3.8743142549166247,18.16401892174252
84,Andrew Healey,patchrefiner,hypersim_processed/test,make_point_cloud_patchrefiner_hypersim,0.3437326142399878,5.035016545666687,28.262623524930564,0.0779369520371934,3.0222200795428904,7.298256672090821
85,Andrew Healey,pixelperfectdepth,hypersim_processed/test,make_point_cloud_ppd_hypersim,0.2770293618890509,3.433922603838792,35.81115626516169,0.047973119465078,2.083192470685044,7.97997065823754
86,Andrew Healey,sharpdepth_ppd_controlnet_zoedepth,hypersim_processed/test,make_point_cloud_edge_loss_hypersim,0.3099572658645425,5.671850067773557,51.63043263379412,0.1005468354833289,3.8125364492668905,17.70627940121677
87,Andrew Healey,zoedepth,hypersim_processed/test,make_point_cloud_zoedepth_hypersim,0.3258032458816914,5.806839622237833,56.71560567818749,0.1016887152298568,3.8743142549166247,18.250803072041567
88,Andrew Healey,patchrefiner,hypersim_processed/test,make_point_cloud_patchrefiner_hypersim,0.3437326142399878,5.035016545666687,28.97004009433676,0.0779369520371934,3.0222200795428904,6.717074979883034
89,Andrew Healey,pixelperfectdepth,hypersim_processed/test,make_point_cloud_ppd_hypersim,0.2770293618890509,3.433922603838792,35.81115626516169,0.047973119465078,2.083192470685044,7.97997065823754
90,Andrew Healey,sharpdepth_ppd_controlnet_zoedepth,hypersim_processed/test,make_point_cloud_edge_loss_hypersim,0.3099572658645425,5.671850067773557,10.634725126537248,0.1005468354833289,3.8125364492668905,1.9937772377692045
91,Andrew Healey,zoedepth,hypersim_processed/test,make_point_cloud_zoedepth_hypersim,0.3258032458816914,5.806839622237833,12.291469473657369,0.1016887152298568,3.8743142549166247,2.314199384285101
92,Andrew Healey,patchrefiner,hypersim_processed/test,make_point_cloud_patchrefiner_hypersim,0.3437326142399878,5.035016545666687,12.727566042710894,0.0779369520371934,3.0222200795428904,1.6207049446707025
93,Andrew Healey,pixelperfectdepth,hypersim_processed/test,make_point_cloud_ppd_hypersim,0.2770293618890509,3.433922603838792,8.604743311569473,0.047973119465078,2.083192470685044,2.147514419832368
94,Andrew Healey,sharpdepth_ppd_controlnet_zoedepth,hypersim_processed/test,auto_eval_edge_loss_hypersim,0.3009998495766853,3.4472397461378,7.491610114071992,0.0288379882698084,0.8283349992953445,0.7251308094528272
95,Andrew Healey,zoedepth,hypersim_processed/test,auto_eval_zoedepth_hypersim,0.3128120361576523,3.483489128892648,10.774782758434643,0.0286500192779402,0.8232973167536869,0.9716150241077168
96,Andrew Healey,unidepth,hypersim_processed/test,auto_eval_unidepth_hypersim,0.2688061549557984,2.1700992810636373,9.94888598228274,0.0414043546750848,0.4158828860458691,0.9721478031545412
97,Andrew Healey,patchrefiner,hypersim_processed/test,auto_eval_patchrefiner_hypersim,0.3114286965484745,3.412060256144623,10.048088773246157,0.0271970003286132,0.6822647751676767,0.7728911937047613
98,Andrew Healey,pixelperfectdepth_unidepth,hypersim_processed/test,auto_eval_ppd_unidepth_hypersim,0.2606648599019632,2.1549196346073893,8.194477159332104,0.0420159101546461,0.4371217665834059,1.0854155766314422
99,Andrew Healey,pixelperfectdepth_zoedepth,hypersim_processed/test,auto_eval_ppd_zoedepth_hypersim,0.3112549502025293,3.491530955133024,7.858241962603989,0.0289003834708518,0.8285571237807422,0.9599998974758068
100,Andrew Healey,sharpdepth_ppd_controlnet_zoedepth,nyu_v2_processed,auto_eval_edge_loss_nyuv2,0.080163823881954,0.362470364633982,,0.0065170938877379,0.0273256796142921,
101,Andrew Healey,zoedepth,nyu_v2_processed,auto_eval_zoedepth_nyuv2,0.076086910973987,0.344943464646563,,0.0039306390341211,0.0209763743506445,
102,Andrew Healey,unidepth,nyu_v2_processed,auto_eval_unidepth_nyuv2,0.0298220664670477,0.1647944546218453,,0.001836328286686,0.0095853925074671,
103,Andrew Healey,patchrefiner,nyu_v2_processed,auto_eval_patchrefiner_nyuv2,0.0927131667976652,0.5177955976747677,,0.0066570451795434,0.0414097108146944,
104,Andrew Healey,pixelperfectdepth_unidepth,nyu_v2_processed,auto_eval_ppd_unidepth_nyuv2,0.0411468115965042,0.2235833965871393,,0.0037762984964334,0.0203837896564984,
105,Andrew Healey,pixelperfectdepth_zoedepth,nyu_v2_processed,auto_eval_ppd_zoedepth_nyuv2,0.0758895621102855,0.3370667154270876,,0.0043500994058952,0.0219171657429566,
111,Andrew Healey,sharpdepth_lotus_zoedepth,hypersim_processed/test,auto_eval_sharpdepth_lotus_zoedepth_hypersim,0.3121750176080362,3.4889796393582406,11.078675195586635,0.0277837727210537,0.824161140525304,1.29168981291136
112,Andrew Healey,sharpdepth_lotus_unidepth,hypersim_processed/test,auto_eval_sharpdepth_lotus_unidepth_hypersim,0.2837400819477391,2.205307279585086,11.113029503961288,0.0421120585140265,0.431989665874855,1.4864210141512368
113,Andrew Healey,sharpdepth_lotus_zoedepth,nyu_v2_processed,auto_eval_sharpdepth_lotus_zoedepth_nyuv2,0.0935841046551653,0.407872153820292,,0.0066593903725464,0.0284792446109473,
114,Andrew Healey,sharpdepth_lotus_unidepth,nyu_v2_processed,auto_eval_sharpdepth_lotus_unidepth_nyuv2,0.07130113820688763,0.31302770139039154,,0.007337080012760095,0.03055410530109745,
